Name,Pokédex Number,Generation,Sexual Dimorphism,Mega Evolution,Gigantamax Form,Alternate Forms,,,,,,,,,,,,,,,,,,,,,,,,,,,
Bulbasaur,1,1,No,No,No,,,,,,,,,,,,,,,,,,,,,,,,,,,,
Ivysaur,2,1,No,No,No,,,,,,,,,,,,,,,,,,,,,,,,,,,,
Venusaur,3,1,Yes,Yes,Yes,,,,,,,,,,,,,,,,,,,,,,,,,,,,
Charmander,4,1,No,No,No,,,,,,,,,,,,,,,,,,,,,,,,,,,,
Charmeleon,5,1,No,No,No,,,,,,,,,,,,,,,,,,,,,,,,,,,,
Charizard,6,1,No,Yes,Yes,,,,,,,,,,,,,,,,,,,,,,,,,,,,
Squirtle,7,1,No,No,No,,,,,,,,,,,,,,,,,,,,,,,,,,,,
Wartortle,8,1,No,No,No,,,,,,,,,,,,,,,,,,,,,,,,,,,,
Blastoise,9,1,No,Yes,Yes,,,,,,,,,,,,,,,,,,,,,,,,,,,,
Caterpie,10,1,No,No,No,,,,,,,,,,,,,,,,,,,,,,,,,,,,
Metapod,11,1,No,No,No,,,,,,,,,,,,,,,,,,,,,,,,,,,,
Butterfree,12,1,Yes,No,Yes,,,,,,,,,,,,,,,,,,,,,,,,,,,,
Weedle,13,1,No,No,No,,,,,,,,,,,,,,,,,,,,,,,,,,,,
Kakuna,14,1,No,No,No,,,,,,,,,,,,,,,,,,,,,,,,,,,,
Beedrill,15,1,No,Yes,No,,,,,,,,,,,,,,,,,,,,,,,,,,,,
Pidgey,16,1,No,No,No,,,,,,,,,,,,,,,,,,,,,,,,,,,,
Pidgeotto,17,1,No,No,No,,,,,,,,,,,,,,,,,,,,,,,,,,,,
Pidgeot,18,1,No,Yes,No,,,,,,,,,,,,,,,,,,,,,,,,,,,,
Rattata,19,1,Yes,No,No,Basic,Alolan,,,,,,,,,,,,,,,,,,,,,,,,,,
Raticate,20,1,Yes,No,No,Basic,Alolan,,,,,,,,,,,,,,,,,,,,,,,,,,
Spearow,21,1,No,No,No,,,,,,,,,,,,,,,,,,,,,,,,,,,,
Fearow,22,1,No,No,No,,,,,,,,,,,,,,,,,,,,,,,,,,,,
Ekans,23,1,No,No,No,,,,,,,,,,,,,,,,,,,,,,,,,,,,
Arbok,24,1,No,No,No,,,,,,,,,,,,,,,,,,,,,,,,,,,,
Pikachu,25,1,Yes,No,Yes,,,,,,,,,,,,,,,,,,,,,,,,,,,,
Raichu,26,1,Yes,No,No,Basic,Alolan,,,,,,,,,,,,,,,,,,,,,,,,,,
Sandshrew,27,1,No,No,No,Basic,Alolan,,,,,,,,,,,,,,,,,,,,,,,,,,
Sandslash,28,1,No,No,No,Basic,Alolan,,,,,,,,,,,,,,,,,,,,,,,,,,
Nidoran (F),29,1,No,No,No,,,,,,,,,,,,,,,,,,,,,,,,,,,,
Nidorina,30,1,No,No,No,,,,,,,,,,,,,,,,,,,,,,,,,,,,
Nidoqueen,31,1,No,No,No,,,,,,,,,,,,,,,,,,,,,,,,,,,,
Nidoran (M),32,1,No,No,No,,,,,,,,,,,,,,,,,,,,,,,,,,,,
Nidorino,33,1,No,No,No,,,,,,,,,,,,,,,,,,,,,,,,,,,,
Nidoking,34,1,No,No,No,,,,,,,,,,,,,,,,,,,,,,,,,,,,
Clefairy,35,1,No,No,No,,,,,,,,,,,,,,,,,,,,,,,,,,,,
Clefable,36,1,No,No,No,,,,,,,,,,,,,,,,,,,,,,,,,,,,
Vulpix,37,1,No,No,No,Basic,Alolan,,,,,,,,,,,,,,,,,,,,,,,,,,
Ninetales,38,1,No,No,No,Basic,Alolan,,,,,,,,,,,,,,,,,,,,,,,,,,
Jigglypuff,39,1,No,No,No,,,,,,,,,,,,,,,,,,,,,,,,,,,,
Wigglytuff,40,1,No,No,No,,,,,,,,,,,,,,,,,,,,,,,,,,,,
Zubat,41,1,Yes,No,No,,,,,,,,,,,,,,,,,,,,,,,,,,,,
Golbat,42,1,Yes,No,No,,,,,,,,,,,,,,,,,,,,,,,,,,,,
Oddish ,43,1,No,No,No,,,,,,,,,,,,,,,,,,,,,,,,,,,,
Gloom,44,1,Yes,No,No,,,,,,,,,,,,,,,,,,,,,,,,,,,,
Vileplume,45,1,Yes,No,No,,,,,,,,,,,,,,,,,,,,,,,,,,,,
Paras,46,1,No,No,No,,,,,,,,,,,,,,,,,,,,,,,,,,,,
Parasect,47,1,No,No,No,,,,,,,,,,,,,,,,,,,,,,,,,,,,
Venonat,48,1,No,No,No,,,,,,,,,,,,,,,,,,,,,,,,,,,,
Venomoth,49,1,No,No,No,,,,,,,,,,,,,,,,,,,,,,,,,,,,
Diglett,50,1,No,No,No,Basic,Alolan,,,,,,,,,,,,,,,,,,,,,,,,,,
Dugtrio,51,1,No,No,No,Basic,Alolan,,,,,,,,,,,,,,,,,,,,,,,,,,
Meowth,52,1,No,No,Yes,Basic,Alolan,Galarian,,,,,,,,,,,,,,,,,,,,,,,,,
Persian,53,1,No,No,No,Basic,Alolan,,,,,,,,,,,,,,,,,,,,,,,,,,
Psyduck,54,1,No,No,No,,,,,,,,,,,,,,,,,,,,,,,,,,,,
Golduck,55,1,No,No,No,,,,,,,,,,,,,,,,,,,,,,,,,,,,
Mankey,56,1,No,No,No,,,,,,,,,,,,,,,,,,,,,,,,,,,,
Primeape,57,1,No,No,No,,,,,,,,,,,,,,,,,,,,,,,,,,,,
Growlithe,58,1,No,No,No,,,,,,,,,,,,,,,,,,,,,,,,,,,,
Arcanine,59,1,No,No,No,,,,,,,,,,,,,,,,,,,,,,,,,,,,
Poliwag,60,1,No,No,No,,,,,,,,,,,,,,,,,,,,,,,,,,,,
Poliwhirl,61,1,No,No,No,,,,,,,,,,,,,,,,,,,,,,,,,,,,
Poliwrath,62,1,No,No,No,,,,,,,,,,,,,,,,,,,,,,,,,,,,
Abra,63,1,No,No,No,,,,,,,,,,,,,,,,,,,,,,,,,,,,
Kadabra,64,1,Yes,No,No,,,,,,,,,,,,,,,,,,,,,,,,,,,,
Alakazam,65,1,Yes,Yes,No,,,,,,,,,,,,,,,,,,,,,,,,,,,,
Machop,66,1,No,No,No,,,,,,,,,,,,,,,,,,,,,,,,,,,,
Machoke,67,1,No,No,No,,,,,,,,,,,,,,,,,,,,,,,,,,,,
Machamp,68,1,No,No,Yes,,,,,,,,,,,,,,,,,,,,,,,,,,,,
Bellsprout,69,1,No,No,No,,,,,,,,,,,,,,,,,,,,,,,,,,,,
Weepinbell,70,1,No,No,No,,,,,,,,,,,,,,,,,,,,,,,,,,,,
Victreebel,71,1,No,No,No,,,,,,,,,,,,,,,,,,,,,,,,,,,,
Tentacool,72,1,No,No,No,,,,,,,,,,,,,,,,,,,,,,,,,,,,
Tentacruel,73,1,No,No,No,,,,,,,,,,,,,,,,,,,,,,,,,,,,
Geodude,74,1,No,No,No,Basic,Alolan,,,,,,,,,,,,,,,,,,,,,,,,,,
Graveller,75,1,No,No,No,Basic,Alolan,,,,,,,,,,,,,,,,,,,,,,,,,,
Golem,76,1,No,No,No,Basic,Alolan,,,,,,,,,,,,,,,,,,,,,,,,,,
Ponyta,77,1,No,No,No,Basic,Galarian,,,,,,,,,,,,,,,,,,,,,,,,,,
Rapidash,78,1,No,No,No,Basic,Galarian,,,,,,,,,,,,,,,,,,,,,,,,,,
Slowpoke,79,1,No,No,No,Basic,Galarian,,,,,,,,,,,,,,,,,,,,,,,,,,
Slowbro,80,1,No,Yes,No,Basic,Galarian,,,,,,,,,,,,,,,,,,,,,,,,,,
Magnemite,81,1,No,No,No,,,,,,,,,,,,,,,,,,,,,,,,,,,,
Magneton,82,1,No,No,No,,,,,,,,,,,,,,,,,,,,,,,,,,,,
Farfetch'd,83,1,No,No,No,Basic,Galarian,,,,,,,,,,,,,,,,,,,,,,,,,,
Doduo,84,1,Yes,No,No,,,,,,,,,,,,,,,,,,,,,,,,,,,,
Dodrio,85,1,Yes,No,No,,,,,,,,,,,,,,,,,,,,,,,,,,,,
Seel,86,1,No,No,No,,,,,,,,,,,,,,,,,,,,,,,,,,,,
Dewgong,87,1,No,No,No,,,,,,,,,,,,,,,,,,,,,,,,,,,,
Grimer,88,1,No,No,No,Basic,Alolan,,,,,,,,,,,,,,,,,,,,,,,,,,
Muk,89,1,No,No,No,Basic,Alolan,,,,,,,,,,,,,,,,,,,,,,,,,,
Shellder,90,1,No,No,No,,,,,,,,,,,,,,,,,,,,,,,,,,,,
Cloyster,91,1,No,No,No,,,,,,,,,,,,,,,,,,,,,,,,,,,,
Gastly,92,1,No,No,No,,,,,,,,,,,,,,,,,,,,,,,,,,,,
Haunter,93,1,No,No,No,,,,,,,,,,,,,,,,,,,,,,,,,,,,
Gengar,94,1,No,Yes,Yes,,,,,,,,,,,,,,,,,,,,,,,,,,,,
Onix,95,1,No,No,No,,,,,,,,,,,,,,,,,,,,,,,,,,,,
Drowzee,96,1,No,No,No,,,,,,,,,,,,,,,,,,,,,,,,,,,,
Hypno,97,1,No,No,No,,,,,,,,,,,,,,,,,,,,,,,,,,,,
Krabby,98,1,No,No,No,,,,,,,,,,,,,,,,,,,,,,,,,,,,
Kingler,99,1,No,No,Yes,,,,,,,,,,,,,,,,,,,,,,,,,,,,
Voltorb,100,1,No,No,No,,,,,,,,,,,,,,,,,,,,,,,,,,,,
Electrode,101,1,No,No,No,,,,,,,,,,,,,,,,,,,,,,,,,,,,
Exeggcute,102,1,No,No,No,,,,,,,,,,,,,,,,,,,,,,,,,,,,
Exeggutor,103,1,No,No,No,Basic,Alolan,,,,,,,,,,,,,,,,,,,,,,,,,,
Cubone,104,1,No,No,No,,,,,,,,,,,,,,,,,,,,,,,,,,,,
Marowak,105,1,No,No,No,Basic,Alolan,,,,,,,,,,,,,,,,,,,,,,,,,,
Hitmonlee,106,1,No,No,No,,,,,,,,,,,,,,,,,,,,,,,,,,,,
Hitmonchan,107,1,No,No,No,,,,,,,,,,,,,,,,,,,,,,,,,,,,
Lickitung,108,1,No,No,No,,,,,,,,,,,,,,,,,,,,,,,,,,,,
Koffing,109,1,No,No,No,,,,,,,,,,,,,,,,,,,,,,,,,,,,
Weezing,110,1,No,No,No,Basic,Galarian,,,,,,,,,,,,,,,,,,,,,,,,,,
Rhyhorn,111,1,Yes,No,No,,,,,,,,,,,,,,,,,,,,,,,,,,,,
Rhydon,112,1,Yes,No,No,,,,,,,,,,,,,,,,,,,,,,,,,,,,
Chansey,113,1,No,No,No,,,,,,,,,,,,,,,,,,,,,,,,,,,,
Tangela,114,1,No,No,No,,,,,,,,,,,,,,,,,,,,,,,,,,,,
Kangaskhan,115,1,No,Yes,No,,,,,,,,,,,,,,,,,,,,,,,,,,,,
Horsea,116,1,No,No,No,,,,,,,,,,,,,,,,,,,,,,,,,,,,
Seadra,117,1,No,No,No,,,,,,,,,,,,,,,,,,,,,,,,,,,,
Goldeen,118,1,Yes,No,No,,,,,,,,,,,,,,,,,,,,,,,,,,,,
Seaking,119,1,Yes,No,No,,,,,,,,,,,,,,,,,,,,,,,,,,,,
Staryu,120,1,No,No,No,,,,,,,,,,,,,,,,,,,,,,,,,,,,
Starmie,121,1,No,No,No,,,,,,,,,,,,,,,,,,,,,,,,,,,,
Mr. Mime,122,1,No,No,No,Basic,Galarian,,,,,,,,,,,,,,,,,,,,,,,,,,
Scyther,123,1,Yes,No,No,,,,,,,,,,,,,,,,,,,,,,,,,,,,
Jynx,124,1,No,No,No,,,,,,,,,,,,,,,,,,,,,,,,,,,,
Electabuzz,125,1,No,No,No,,,,,,,,,,,,,,,,,,,,,,,,,,,,
Magmar,126,1,No,No,No,,,,,,,,,,,,,,,,,,,,,,,,,,,,
Pinsir,127,1,No,Yes,No,,,,,,,,,,,,,,,,,,,,,,,,,,,,
Tauros,128,1,No,No,No,,,,,,,,,,,,,,,,,,,,,,,,,,,,
Magikarp,129,1,Yes,No,No,,,,,,,,,,,,,,,,,,,,,,,,,,,,
Gyarados,130,1,Yes,Yes,No,,,,,,,,,,,,,,,,,,,,,,,,,,,,
Lapras,131,1,No,No,No,,,,,,,,,,,,,,,,,,,,,,,,,,,,
Ditto,132,1,No,No,No,,,,,,,,,,,,,,,,,,,,,,,,,,,,
Eevee,133,1,No,No,Yes,,,,,,,,,,,,,,,,,,,,,,,,,,,,
Vaporeon,134,1,No,No,No,,,,,,,,,,,,,,,,,,,,,,,,,,,,
Jolteon,135,1,No,No,No,,,,,,,,,,,,,,,,,,,,,,,,,,,,
Flareon,136,1,No,No,No,,,,,,,,,,,,,,,,,,,,,,,,,,,,
Porygon,137,1,No,No,No,,,,,,,,,,,,,,,,,,,,,,,,,,,,
Omanyte,138,1,No,No,No,,,,,,,,,,,,,,,,,,,,,,,,,,,,
Omastar,139,1,No,No,No,,,,,,,,,,,,,,,,,,,,,,,,,,,,
Kabuto,140,1,No,No,No,,,,,,,,,,,,,,,,,,,,,,,,,,,,
Kabutops,141,1,No,No,No,,,,,,,,,,,,,,,,,,,,,,,,,,,,
Aerodactyl,142,1,No,Yes,No,,,,,,,,,,,,,,,,,,,,,,,,,,,,
Snorlax,143,1,No,No,No,,,,,,,,,,,,,,,,,,,,,,,,,,,,
Articuno,144,1,No,No,No,Basic,Galarian,,,,,,,,,,,,,,,,,,,,,,,,,,
Zapdos,145,1,No,No,No,Basic,Galarian,,,,,,,,,,,,,,,,,,,,,,,,,,
Moltres,146,1,No,No,No,Basic,Galarian,,,,,,,,,,,,,,,,,,,,,,,,,,
Dratini,147,1,No,No,No,,,,,,,,,,,,,,,,,,,,,,,,,,,,
Dragonair,148,1,No,No,No,,,,,,,,,,,,,,,,,,,,,,,,,,,,
Dragonite,149,1,No,No,No,,,,,,,,,,,,,,,,,,,,,,,,,,,,
Mewtwo,150,1,No,Yes,No,,,,,,,,,,,,,,,,,,,,,,,,,,,,
Mew,151,1,No,No,No,,,,,,,,,,,,,,,,,,,,,,,,,,,,
Chikorita,152,2,No,No,No,,,,,,,,,,,,,,,,,,,,,,,,,,,,
Bayleef,153,2,No,No,No,,,,,,,,,,,,,,,,,,,,,,,,,,,,
Meganium,154,2,No,No,No,,,,,,,,,,,,,,,,,,,,,,,,,,,,
Cyndaquil,155,2,No,No,No,,,,,,,,,,,,,,,,,,,,,,,,,,,,
Quilava,156,2,No,No,No,,,,,,,,,,,,,,,,,,,,,,,,,,,,
Typhlosion,157,2,No,No,No,,,,,,,,,,,,,,,,,,,,,,,,,,,,
Totodile,158,2,No,No,No,,,,,,,,,,,,,,,,,,,,,,,,,,,,
Croconaw,159,2,No,No,No,,,,,,,,,,,,,,,,,,,,,,,,,,,,
Feraligatr,160,2,No,No,No,,,,,,,,,,,,,,,,,,,,,,,,,,,,
Sentret,161,2,No,No,No,,,,,,,,,,,,,,,,,,,,,,,,,,,,
Furret,162,2,No,No,No,,,,,,,,,,,,,,,,,,,,,,,,,,,,
Hoothoot,163,2,No,No,No,,,,,,,,,,,,,,,,,,,,,,,,,,,,
Noctowl,164,2,No,No,No,,,,,,,,,,,,,,,,,,,,,,,,,,,,
Ledyba,165,2,Yes,No,No,,,,,,,,,,,,,,,,,,,,,,,,,,,,
Ledian,166,2,Yes,No,No,,,,,,,,,,,,,,,,,,,,,,,,,,,,
Spinarak,167,2,No,No,No,,,,,,,,,,,,,,,,,,,,,,,,,,,,
Ariados,168,2,No,No,No,,,,,,,,,,,,,,,,,,,,,,,,,,,,
Crobat,169,2,No,No,No,,,,,,,,,,,,,,,,,,,,,,,,,,,,
Chinchou,170,2,No,No,No,,,,,,,,,,,,,,,,,,,,,,,,,,,,
Lanturn,171,2,No,No,No,,,,,,,,,,,,,,,,,,,,,,,,,,,,
Pichu,172,2,No,No,No,,,,,,,,,,,,,,,,,,,,,,,,,,,,
Cleffa,173,2,No,No,No,,,,,,,,,,,,,,,,,,,,,,,,,,,,
Igglybuff,174,2,No,No,No,,,,,,,,,,,,,,,,,,,,,,,,,,,,
Togepi,175,2,No,No,No,,,,,,,,,,,,,,,,,,,,,,,,,,,,
Togetic,176,2,No,No,No,,,,,,,,,,,,,,,,,,,,,,,,,,,,
Natu,177,2,No,No,No,,,,,,,,,,,,,,,,,,,,,,,,,,,,
Xatu,178,2,Yes,No,No,,,,,,,,,,,,,,,,,,,,,,,,,,,,
Mareep,179,2,No,No,No,,,,,,,,,,,,,,,,,,,,,,,,,,,,
Flaffy,180,2,No,No,No,,,,,,,,,,,,,,,,,,,,,,,,,,,,
Ampharos,181,2,No,Yes,No,,,,,,,,,,,,,,,,,,,,,,,,,,,,
Bellossom,182,2,No,No,No,,,,,,,,,,,,,,,,,,,,,,,,,,,,
Marill,183,2,No,No,No,,,,,,,,,,,,,,,,,,,,,,,,,,,,
Azumarill,184,2,No,No,No,,,,,,,,,,,,,,,,,,,,,,,,,,,,
Sudowoodo,185,2,Yes,No,No,,,,,,,,,,,,,,,,,,,,,,,,,,,,
Politoed,186,2,Yes,No,No,,,,,,,,,,,,,,,,,,,,,,,,,,,,
Hoppip,187,2,No,No,No,,,,,,,,,,,,,,,,,,,,,,,,,,,,
Skiploom,188,2,No,No,No,,,,,,,,,,,,,,,,,,,,,,,,,,,,
Jumpluff,189,2,No,No,No,,,,,,,,,,,,,,,,,,,,,,,,,,,,
Aipom,190,2,Yes,No,No,,,,,,,,,,,,,,,,,,,,,,,,,,,,
Sunkern,191,2,No,No,No,,,,,,,,,,,,,,,,,,,,,,,,,,,,
Sunflora,192,2,No,No,No,,,,,,,,,,,,,,,,,,,,,,,,,,,,
Yanma,193,2,No,No,No,,,,,,,,,,,,,,,,,,,,,,,,,,,,
Wooper,194,2,Yes,No,No,,,,,,,,,,,,,,,,,,,,,,,,,,,,
Quagsire,195,2,Yes,No,No,,,,,,,,,,,,,,,,,,,,,,,,,,,,
Espeon,196,2,No,No,No,,,,,,,,,,,,,,,,,,,,,,,,,,,,
Umbreon,197,2,No,No,No,,,,,,,,,,,,,,,,,,,,,,,,,,,,
Murkrow,198,2,Yes,No,No,,,,,,,,,,,,,,,,,,,,,,,,,,,,
Slowking,199,2,No,No,No,Basic,Galarian,,,,,,,,,,,,,,,,,,,,,,,,,,
Misdreavus,200,2,No,No,No,,,,,,,,,,,,,,,,,,,,,,,,,,,,
Unown,201,2,No,No,No,A,B,C,D,E,F,G,H,I,J,K,L,M,N,O,P,Q,R,S,T,U,V,W,X,Y,Z,!,?
Wobbuffet,202,2,Yes,No,No,,,,,,,,,,,,,,,,,,,,,,,,,,,,
Girafarig,203,2,Yes,No,No,,,,,,,,,,,,,,,,,,,,,,,,,,,,
Pineco,204,2,No,No,No,,,,,,,,,,,,,,,,,,,,,,,,,,,,
Forretress,205,2,No,No,No,,,,,,,,,,,,,,,,,,,,,,,,,,,,
Dunsparce,206,2,No,No,No,,,,,,,,,,,,,,,,,,,,,,,,,,,,
Gligar,207,2,Yes,No,No,,,,,,,,,,,,,,,,,,,,,,,,,,,,
Steelix,208,2,Yes,Yes,No,,,,,,,,,,,,,,,,,,,,,,,,,,,,
Snubble,209,2,No,No,No,,,,,,,,,,,,,,,,,,,,,,,,,,,,
Granbull,210,2,No,No,No,,,,,,,,,,,,,,,,,,,,,,,,,,,,
Qwilfish,211,2,No,No,No,,,,,,,,,,,,,,,,,,,,,,,,,,,,
Scizor,212,2,Yes,Yes,No,,,,,,,,,,,,,,,,,,,,,,,,,,,,
Shuckle,213,2,No,No,No,,,,,,,,,,,,,,,,,,,,,,,,,,,,
Heracross,214,2,Yes,Yes,No,,,,,,,,,,,,,,,,,,,,,,,,,,,,
Sneasel,215,2,Yes,No,No,,,,,,,,,,,,,,,,,,,,,,,,,,,,
Teddiursa,216,2,No,No,No,,,,,,,,,,,,,,,,,,,,,,,,,,,,
Ursaring,217,2,Yes,No,No,,,,,,,,,,,,,,,,,,,,,,,,,,,,
Slugma,218,2,No,No,No,,,,,,,,,,,,,,,,,,,,,,,,,,,,
Magcargo,219,2,No,No,No,,,,,,,,,,,,,,,,,,,,,,,,,,,,
Swinub,220,2,No,No,No,,,,,,,,,,,,,,,,,,,,,,,,,,,,
Piloswine,221,2,Yes,No,No,,,,,,,,,,,,,,,,,,,,,,,,,,,,
Corsola,222,2,No,No,No,Basic,Galarian,,,,,,,,,,,,,,,,,,,,,,,,,,
Remoraid,223,2,No,No,No,,,,,,,,,,,,,,,,,,,,,,,,,,,,
Octillery,224,2,Yes,No,No,,,,,,,,,,,,,,,,,,,,,,,,,,,,
Delibird,225,2,No,No,No,,,,,,,,,,,,,,,,,,,,,,,,,,,,
Mantine,226,2,No,No,No,,,,,,,,,,,,,,,,,,,,,,,,,,,,
Skarmory,227,2,No,No,No,,,,,,,,,,,,,,,,,,,,,,,,,,,,
Houndour,228,2,No,No,No,,,,,,,,,,,,,,,,,,,,,,,,,,,,
Houndoom,229,2,Yes,Yes,No,,,,,,,,,,,,,,,,,,,,,,,,,,,,
Kingdra,230,2,No,No,No,,,,,,,,,,,,,,,,,,,,,,,,,,,,
Phanpy,231,2,No,No,No,,,,,,,,,,,,,,,,,,,,,,,,,,,,
Donphan,232,2,Yes,No,No,,,,,,,,,,,,,,,,,,,,,,,,,,,,
Porygon2,233,2,No,No,No,,,,,,,,,,,,,,,,,,,,,,,,,,,,
Stantler,234,2,No,No,No,,,,,,,,,,,,,,,,,,,,,,,,,,,,
Smeargle,235,2,No,No,No,,,,,,,,,,,,,,,,,,,,,,,,,,,,
Tyrogue,236,2,No,No,No,,,,,,,,,,,,,,,,,,,,,,,,,,,,
Hitmontop,237,2,No,No,No,,,,,,,,,,,,,,,,,,,,,,,,,,,,
Smoochum,238,2,No,No,No,,,,,,,,,,,,,,,,,,,,,,,,,,,,
Elekid,239,2,No,No,No,,,,,,,,,,,,,,,,,,,,,,,,,,,,
Magby,240,2,No,No,No,,,,,,,,,,,,,,,,,,,,,,,,,,,,
Miltank,241,2,No,No,No,,,,,,,,,,,,,,,,,,,,,,,,,,,,
Blissey,242,2,No,No,No,,,,,,,,,,,,,,,,,,,,,,,,,,,,
Raikou,243,2,No,No,No,,,,,,,,,,,,,,,,,,,,,,,,,,,,
Entei,244,2,No,No,No,,,,,,,,,,,,,,,,,,,,,,,,,,,,
Suicune,245,2,No,No,No,,,,,,,,,,,,,,,,,,,,,,,,,,,,
Larvitar,246,2,No,No,No,,,,,,,,,,,,,,,,,,,,,,,,,,,,
Pupitar,247,2,No,No,No,,,,,,,,,,,,,,,,,,,,,,,,,,,,
Tyranitar,248,2,No,Yes,No,,,,,,,,,,,,,,,,,,,,,,,,,,,,
Lugia,249,2,No,No,No,,,,,,,,,,,,,,,,,,,,,,,,,,,,
Ho-Oh,250,2,No,No,No,,,,,,,,,,,,,,,,,,,,,,,,,,,,
Celebi,251,2,No,No,No,,,,,,,,,,,,,,,,,,,,,,,,,,,,
Treecko,252,3,No,No,No,,,,,,,,,,,,,,,,,,,,,,,,,,,,
Grovyle,253,3,No,No,No,,,,,,,,,,,,,,,,,,,,,,,,,,,,
Sceptile,254,3,No,Yes,No,,,,,,,,,,,,,,,,,,,,,,,,,,,,
Torchic,255,3,Yes,No,No,,,,,,,,,,,,,,,,,,,,,,,,,,,,
Combusken,256,3,Yes,No,No,,,,,,,,,,,,,,,,,,,,,,,,,,,,
Blaziken,257,3,Yes,Yes,No,,,,,,,,,,,,,,,,,,,,,,,,,,,,
Mudkip,258,3,No,No,No,,,,,,,,,,,,,,,,,,,,,,,,,,,,
Marshtomp,259,3,No,No,No,,,,,,,,,,,,,,,,,,,,,,,,,,,,
Swampert,260,3,No,Yes,No,,,,,,,,,,,,,,,,,,,,,,,,,,,,
Poochyena,261,3,No,No,No,,,,,,,,,,,,,,,,,,,,,,,,,,,,
Mightyena,262,3,No,No,No,,,,,,,,,,,,,,,,,,,,,,,,,,,,
Zigzagoon,263,3,No,No,No,Basic,Galarian,,,,,,,,,,,,,,,,,,,,,,,,,,
Linoone,264,3,No,No,No,Basic,Galarian,,,,,,,,,,,,,,,,,,,,,,,,,,
Wurmple,265,3,No,No,No,,,,,,,,,,,,,,,,,,,,,,,,,,,,
Silcoon,266,3,No,No,No,,,,,,,,,,,,,,,,,,,,,,,,,,,,
Beautifly,267,3,Yes,No,No,,,,,,,,,,,,,,,,,,,,,,,,,,,,
Cascoon,268,3,No,No,No,,,,,,,,,,,,,,,,,,,,,,,,,,,,
Dustox,269,3,Yes,No,No,,,,,,,,,,,,,,,,,,,,,,,,,,,,
Lotad,270,3,No,No,No,,,,,,,,,,,,,,,,,,,,,,,,,,,,
Lombre,271,3,No,No,No,,,,,,,,,,,,,,,,,,,,,,,,,,,,
Ludicolo,272,3,Yes,No,No,,,,,,,,,,,,,,,,,,,,,,,,,,,,
Seedot,273,3,No,No,No,,,,,,,,,,,,,,,,,,,,,,,,,,,,
Nuzleaf,274,3,Yes,No,No,,,,,,,,,,,,,,,,,,,,,,,,,,,,
Shiftry,275,3,Yes,No,No,,,,,,,,,,,,,,,,,,,,,,,,,,,,
Taillow,276,3,No,No,No,,,,,,,,,,,,,,,,,,,,,,,,,,,,
Swellow,277,3,No,No,No,,,,,,,,,,,,,,,,,,,,,,,,,,,,
Wingull,278,3,No,No,No,,,,,,,,,,,,,,,,,,,,,,,,,,,,
Pelipper,279,3,No,No,No,,,,,,,,,,,,,,,,,,,,,,,,,,,,
Ralts,280,3,No,No,No,,,,,,,,,,,,,,,,,,,,,,,,,,,,
Kirlia,281,3,No,No,No,,,,,,,,,,,,,,,,,,,,,,,,,,,,
Gardevoir,282,3,No,Yes,No,,,,,,,,,,,,,,,,,,,,,,,,,,,,
Surskit,283,3,No,No,No,,,,,,,,,,,,,,,,,,,,,,,,,,,,
Masquerain,284,3,No,No,No,,,,,,,,,,,,,,,,,,,,,,,,,,,,
Shroomish,285,3,No,No,No,,,,,,,,,,,,,,,,,,,,,,,,,,,,
Breloom,286,3,No,No,No,,,,,,,,,,,,,,,,,,,,,,,,,,,,
Slakoth,287,3,No,No,No,,,,,,,,,,,,,,,,,,,,,,,,,,,,
Vigoroth,288,3,No,No,No,,,,,,,,,,,,,,,,,,,,,,,,,,,,
Slaking,289,3,No,No,No,,,,,,,,,,,,,,,,,,,,,,,,,,,,
Nincada,290,3,No,No,No,,,,,,,,,,,,,,,,,,,,,,,,,,,,
Ninjask,291,3,No,No,No,,,,,,,,,,,,,,,,,,,,,,,,,,,,
Shedinja,292,3,No,No,No,,,,,,,,,,,,,,,,,,,,,,,,,,,,
Whismur,293,3,No,No,No,,,,,,,,,,,,,,,,,,,,,,,,,,,,
Loudred,294,3,No,No,No,,,,,,,,,,,,,,,,,,,,,,,,,,,,
Exploud,295,3,No,No,No,,,,,,,,,,,,,,,,,,,,,,,,,,,,
Makuhita,296,3,No,No,No,,,,,,,,,,,,,,,,,,,,,,,,,,,,
Hariyama,297,3,No,No,No,,,,,,,,,,,,,,,,,,,,,,,,,,,,
Azurill,298,3,No,No,No,,,,,,,,,,,,,,,,,,,,,,,,,,,,
Nosepass,299,3,No,No,No,,,,,,,,,,,,,,,,,,,,,,,,,,,,
Skitty,300,3,No,No,No,,,,,,,,,,,,,,,,,,,,,,,,,,,,
Delcatty,301,3,No,No,No,,,,,,,,,,,,,,,,,,,,,,,,,,,,
Sableye,302,3,No,Yes,No,,,,,,,,,,,,,,,,,,,,,,,,,,,,
Mawile,303,3,No,Yes,No,,,,,,,,,,,,,,,,,,,,,,,,,,,,
Aron,304,3,No,No,No,,,,,,,,,,,,,,,,,,,,,,,,,,,,
Lairon,305,3,No,No,No,,,,,,,,,,,,,,,,,,,,,,,,,,,,
Aggron,306,3,No,Yes,No,,,,,,,,,,,,,,,,,,,,,,,,,,,,
Meditite,307,3,Yes,No,No,,,,,,,,,,,,,,,,,,,,,,,,,,,,
Medicham,308,3,Yes,Yes,No,,,,,,,,,,,,,,,,,,,,,,,,,,,,
Elektrike,309,3,No,No,No,,,,,,,,,,,,,,,,,,,,,,,,,,,,
Manectric,310,3,No,Yes,No,,,,,,,,,,,,,,,,,,,,,,,,,,,,
Plusle,311,3,No,No,No,,,,,,,,,,,,,,,,,,,,,,,,,,,,
Miniun,312,3,No,No,No,,,,,,,,,,,,,,,,,,,,,,,,,,,,
Volbeat,313,3,No,No,No,,,,,,,,,,,,,,,,,,,,,,,,,,,,
Illumise,314,3,No,No,No,,,,,,,,,,,,,,,,,,,,,,,,,,,,
Roselia,315,3,Yes,No,No,,,,,,,,,,,,,,,,,,,,,,,,,,,,
Gulpin,316,3,Yes,No,No,,,,,,,,,,,,,,,,,,,,,,,,,,,,
Swalot,317,3,Yes,No,No,,,,,,,,,,,,,,,,,,,,,,,,,,,,
Carvanha,318,3,No,No,No,,,,,,,,,,,,,,,,,,,,,,,,,,,,
Sharpedo,319,3,No,Yes,No,,,,,,,,,,,,,,,,,,,,,,,,,,,,
Wailmer,320,3,No,No,No,,,,,,,,,,,,,,,,,,,,,,,,,,,,
Wailord,321,3,No,No,No,,,,,,,,,,,,,,,,,,,,,,,,,,,,
Numel,322,3,Yes,No,No,,,,,,,,,,,,,,,,,,,,,,,,,,,,
Camerupt,323,3,Yes,Yes,No,,,,,,,,,,,,,,,,,,,,,,,,,,,,
Torkoal,324,3,No,No,No,,,,,,,,,,,,,,,,,,,,,,,,,,,,
Spoink,325,3,No,No,No,,,,,,,,,,,,,,,,,,,,,,,,,,,,
Grumpig,326,3,No,No,No,,,,,,,,,,,,,,,,,,,,,,,,,,,,
Spinda,327,3,No,No,No,,,,,,,,,,,,,,,,,,,,,,,,,,,,
Trapinch,328,3,No,No,No,,,,,,,,,,,,,,,,,,,,,,,,,,,,
Vibrava,329,3,No,No,No,,,,,,,,,,,,,,,,,,,,,,,,,,,,
Flygon,330,3,No,No,No,,,,,,,,,,,,,,,,,,,,,,,,,,,,
Cacnea,331,3,No,No,No,,,,,,,,,,,,,,,,,,,,,,,,,,,,
Cacturne,332,3,Yes,No,No,,,,,,,,,,,,,,,,,,,,,,,,,,,,
Swablu,333,3,No,No,No,,,,,,,,,,,,,,,,,,,,,,,,,,,,
Altaria,334,3,No,Yes,No,,,,,,,,,,,,,,,,,,,,,,,,,,,,
Zangoose,335,3,No,No,No,,,,,,,,,,,,,,,,,,,,,,,,,,,,
Seviper,336,3,No,No,No,,,,,,,,,,,,,,,,,,,,,,,,,,,,
Lunatone,337,3,No,No,No,,,,,,,,,,,,,,,,,,,,,,,,,,,,
Solrock,338,3,No,No,No,,,,,,,,,,,,,,,,,,,,,,,,,,,,
Barboach,339,3,No,No,No,,,,,,,,,,,,,,,,,,,,,,,,,,,,
Whiscash,340,3,No,No,No,,,,,,,,,,,,,,,,,,,,,,,,,,,,
Corphish,341,3,No,No,No,,,,,,,,,,,,,,,,,,,,,,,,,,,,
Crawdaunt,342,3,No,No,No,,,,,,,,,,,,,,,,,,,,,,,,,,,,
Baltoy,343,3,No,No,No,,,,,,,,,,,,,,,,,,,,,,,,,,,,
Claydol,344,3,No,No,No,,,,,,,,,,,,,,,,,,,,,,,,,,,,
Lileep,345,3,No,No,No,,,,,,,,,,,,,,,,,,,,,,,,,,,,
Cradily,346,3,No,No,No,,,,,,,,,,,,,,,,,,,,,,,,,,,,
Anorith,347,3,No,No,No,,,,,,,,,,,,,,,,,,,,,,,,,,,,
Armaldo,348,3,No,No,No,,,,,,,,,,,,,,,,,,,,,,,,,,,,
Feebas,349,3,No,No,No,,,,,,,,,,,,,,,,,,,,,,,,,,,,
Milotic,350,3,Yes,No,No,,,,,,,,,,,,,,,,,,,,,,,,,,,,
Castform,351,3,No,No,No,Basic,Sunny Form,Rainy Form,Snowy Form,,,,,,,,,,,,,,,,,,,,,,,,
Kecleon,352,3,No,No,No,,,,,,,,,,,,,,,,,,,,,,,,,,,,
Shuppet,353,3,No,No,No,,,,,,,,,,,,,,,,,,,,,,,,,,,,
Banette,354,3,No,Yes,No,,,,,,,,,,,,,,,,,,,,,,,,,,,,
Duskull,355,3,No,No,No,,,,,,,,,,,,,,,,,,,,,,,,,,,,
Dusclops,356,3,No,No,No,,,,,,,,,,,,,,,,,,,,,,,,,,,,
Tropius,357,3,No,No,No,,,,,,,,,,,,,,,,,,,,,,,,,,,,
Chimecho,358,3,No,No,No,,,,,,,,,,,,,,,,,,,,,,,,,,,,
Absol,359,3,No,Yes,No,,,,,,,,,,,,,,,,,,,,,,,,,,,,
Wynaut,360,3,No,No,No,,,,,,,,,,,,,,,,,,,,,,,,,,,,
Snorunt,361,3,No,No,No,,,,,,,,,,,,,,,,,,,,,,,,,,,,
Glalie,362,3,No,Yes,No,,,,,,,,,,,,,,,,,,,,,,,,,,,,
Spheal,363,3,No,No,No,,,,,,,,,,,,,,,,,,,,,,,,,,,,
Sealeo,364,3,No,No,No,,,,,,,,,,,,,,,,,,,,,,,,,,,,
Walrein,365,3,No,No,No,,,,,,,,,,,,,,,,,,,,,,,,,,,,
Clamperl,366,3,No,No,No,,,,,,,,,,,,,,,,,,,,,,,,,,,,
Huntail,367,3,No,No,No,,,,,,,,,,,,,,,,,,,,,,,,,,,,
Gorebyss,368,3,No,No,No,,,,,,,,,,,,,,,,,,,,,,,,,,,,
Relicanth,369,3,Yes,No,No,,,,,,,,,,,,,,,,,,,,,,,,,,,,
Luvdisc,370,3,No,No,No,,,,,,,,,,,,,,,,,,,,,,,,,,,,
Bagon,371,3,No,No,No,,,,,,,,,,,,,,,,,,,,,,,,,,,,
Shelgon,372,3,No,No,No,,,,,,,,,,,,,,,,,,,,,,,,,,,,
Salamance,373,3,No,Yes,No,,,,,,,,,,,,,,,,,,,,,,,,,,,,
Beldum,374,3,No,No,No,,,,,,,,,,,,,,,,,,,,,,,,,,,,
Metang,375,3,No,No,No,,,,,,,,,,,,,,,,,,,,,,,,,,,,
Metagross,376,3,No,Yes,No,,,,,,,,,,,,,,,,,,,,,,,,,,,,
Regirock,377,3,No,No,No,,,,,,,,,,,,,,,,,,,,,,,,,,,,
Regice,378,3,No,No,No,,,,,,,,,,,,,,,,,,,,,,,,,,,,
Registeel,379,3,No,No,No,,,,,,,,,,,,,,,,,,,,,,,,,,,,
Latias,380,3,No,Yes,No,,,,,,,,,,,,,,,,,,,,,,,,,,,,
Latios,381,3,No,Yes,No,,,,,,,,,,,,,,,,,,,,,,,,,,,,
Kyogre,382,3,No,Yes,No,,,,,,,,,,,,,,,,,,,,,,,,,,,,
Groudon,383,3,No,Yes,No,,,,,,,,,,,,,,,,,,,,,,,,,,,,
Rayquaza,384,3,No,Yes,No,,,,,,,,,,,,,,,,,,,,,,,,,,,,
Jirachi,385,3,No,No,No,,,,,,,,,,,,,,,,,,,,,,,,,,,,
Deoxys,386,3,No,No,No,Normal Forme,Attack Forme,Defence Forme,Speed Forme,,,,,,,,,,,,,,,,,,,,,,,,
Turtwig,387,4,No,No,No,,,,,,,,,,,,,,,,,,,,,,,,,,,,
Gortle,388,4,No,No,No,,,,,,,,,,,,,,,,,,,,,,,,,,,,
Torterra,389,4,No,No,No,,,,,,,,,,,,,,,,,,,,,,,,,,,,
Chimchar,390,4,No,No,No,,,,,,,,,,,,,,,,,,,,,,,,,,,,
Monferno,391,4,No,No,No,,,,,,,,,,,,,,,,,,,,,,,,,,,,
Infernape,392,4,No,No,No,,,,,,,,,,,,,,,,,,,,,,,,,,,,
Piplup,393,4,No,No,No,,,,,,,,,,,,,,,,,,,,,,,,,,,,
Prinplup,394,4,No,No,No,,,,,,,,,,,,,,,,,,,,,,,,,,,,
Empoleon,395,4,No,No,No,,,,,,,,,,,,,,,,,,,,,,,,,,,,
Starly,396,4,Yes,No,No,,,,,,,,,,,,,,,,,,,,,,,,,,,,
Staravia,397,4,Yes,No,No,,,,,,,,,,,,,,,,,,,,,,,,,,,,
Staraptor,398,4,Yes,No,No,,,,,,,,,,,,,,,,,,,,,,,,,,,,
Bidoof,399,4,Yes,No,No,,,,,,,,,,,,,,,,,,,,,,,,,,,,
Bibarel,400,4,Yes,No,No,,,,,,,,,,,,,,,,,,,,,,,,,,,,
Kricketot,401,4,Yes,No,No,,,,,,,,,,,,,,,,,,,,,,,,,,,,
Kricketune,402,4,Yes,No,No,,,,,,,,,,,,,,,,,,,,,,,,,,,,
Shinx,403,4,Yes,No,No,,,,,,,,,,,,,,,,,,,,,,,,,,,,
Luxio,404,4,Yes,No,No,,,,,,,,,,,,,,,,,,,,,,,,,,,,
Luxray,405,4,Yes,No,No,,,,,,,,,,,,,,,,,,,,,,,,,,,,
Budew,406,4,No,No,No,,,,,,,,,,,,,,,,,,,,,,,,,,,,
Roderade,407,4,Yes,No,No,,,,,,,,,,,,,,,,,,,,,,,,,,,,
Cranidos,408,4,No,No,No,,,,,,,,,,,,,,,,,,,,,,,,,,,,
Rampardos,409,4,No,No,No,,,,,,,,,,,,,,,,,,,,,,,,,,,,
Shieldon,410,4,No,No,No,,,,,,,,,,,,,,,,,,,,,,,,,,,,
Bastiodon,411,4,No,No,No,,,,,,,,,,,,,,,,,,,,,,,,,,,,
Burmy,412,4,No,No,No,Plant Cloak,Sandy Cloak,Trash Cloak,,,,,,,,,,,,,,,,,,,,,,,,,
Wormadam,413,4,No,No,No,Plant Cloak,Sandy Cloak,Trash Cloak,,,,,,,,,,,,,,,,,,,,,,,,,
Mothim,414,4,No,No,No,,,,,,,,,,,,,,,,,,,,,,,,,,,,
Combee,415,4,Yes,No,No,,,,,,,,,,,,,,,,,,,,,,,,,,,,
Vespiquen,416,4,No,No,No,,,,,,,,,,,,,,,,,,,,,,,,,,,,
Pachirisu,417,4,Yes,No,No,,,,,,,,,,,,,,,,,,,,,,,,,,,,
Buizel,418,4,Yes,No,No,,,,,,,,,,,,,,,,,,,,,,,,,,,,
Floatzel,419,4,Yes,No,No,,,,,,,,,,,,,,,,,,,,,,,,,,,,
Cherubi,420,4,No,No,No,,,,,,,,,,,,,,,,,,,,,,,,,,,,
Cherrim,421,4,No,No,No,Overcast Form,Sunshine Form,,,,,,,,,,,,,,,,,,,,,,,,,,
Shellos,422,4,No,No,No,East Coast,West Coast,,,,,,,,,,,,,,,,,,,,,,,,,,
Gastrodon,423,4,No,No,No,East Coast,West Coast,,,,,,,,,,,,,,,,,,,,,,,,,,
Ambipom,424,4,Yes,No,No,,,,,,,,,,,,,,,,,,,,,,,,,,,,
Driftloon,425,4,No,No,No,,,,,,,,,,,,,,,,,,,,,,,,,,,,
Drifblim,426,4,No,No,No,,,,,,,,,,,,,,,,,,,,,,,,,,,,
Buneary,427,4,No,No,No,,,,,,,,,,,,,,,,,,,,,,,,,,,,
Lopunny,428,4,No,Yes,No,,,,,,,,,,,,,,,,,,,,,,,,,,,,
Mismagius,429,4,No,No,No,,,,,,,,,,,,,,,,,,,,,,,,,,,,
Honchkrow,430,4,No,No,No,,,,,,,,,,,,,,,,,,,,,,,,,,,,
Glameow,431,4,No,No,No,,,,,,,,,,,,,,,,,,,,,,,,,,,,
Purugly,432,4,No,No,No,,,,,,,,,,,,,,,,,,,,,,,,,,,,
Chingling,433,4,No,No,No,,,,,,,,,,,,,,,,,,,,,,,,,,,,
Stunky,434,4,No,No,No,,,,,,,,,,,,,,,,,,,,,,,,,,,,
Skuntank,435,4,No,No,No,,,,,,,,,,,,,,,,,,,,,,,,,,,,
Bronzor,436,4,No,No,No,,,,,,,,,,,,,,,,,,,,,,,,,,,,
Bronzong,437,4,No,No,No,,,,,,,,,,,,,,,,,,,,,,,,,,,,
Bonsly,438,4,No,No,No,,,,,,,,,,,,,,,,,,,,,,,,,,,,
Mime Jr.,439,4,No,No,No,,,,,,,,,,,,,,,,,,,,,,,,,,,,
Happiny,440,4,No,No,No,,,,,,,,,,,,,,,,,,,,,,,,,,,,
Chattot,441,4,No,No,No,,,,,,,,,,,,,,,,,,,,,,,,,,,,
Spiritomb,442,4,No,No,No,,,,,,,,,,,,,,,,,,,,,,,,,,,,
Gible,443,4,Yes,No,No,,,,,,,,,,,,,,,,,,,,,,,,,,,,
Gabite,444,4,Yes,No,No,,,,,,,,,,,,,,,,,,,,,,,,,,,,
Garchomp,445,4,Yes,Yes,No,,,,,,,,,,,,,,,,,,,,,,,,,,,,
Munchlax,446,4,No,No,No,,,,,,,,,,,,,,,,,,,,,,,,,,,,
Riolu,447,4,No,No,No,,,,,,,,,,,,,,,,,,,,,,,,,,,,
Lucario,448,4,No,Yes,No,,,,,,,,,,,,,,,,,,,,,,,,,,,,
Hippopotas,449,4,Yes,No,No,,,,,,,,,,,,,,,,,,,,,,,,,,,,
Hippowdon,450,4,Yes,No,No,,,,,,,,,,,,,,,,,,,,,,,,,,,,
Skorupi,451,4,No,No,No,,,,,,,,,,,,,,,,,,,,,,,,,,,,
Drapion,452,4,No,No,No,,,,,,,,,,,,,,,,,,,,,,,,,,,,
Croagunk,453,4,Yes,No,No,,,,,,,,,,,,,,,,,,,,,,,,,,,,
Toxicroak,454,4,Yes,No,No,,,,,,,,,,,,,,,,,,,,,,,,,,,,
Carnivine,455,4,No,No,No,,,,,,,,,,,,,,,,,,,,,,,,,,,,
Finneon,456,4,Yes,No,No,,,,,,,,,,,,,,,,,,,,,,,,,,,,
Lumineon,457,4,Yes,No,No,,,,,,,,,,,,,,,,,,,,,,,,,,,,
Mantyke,458,4,No,No,No,,,,,,,,,,,,,,,,,,,,,,,,,,,,
Snover,459,4,Yes,No,No,,,,,,,,,,,,,,,,,,,,,,,,,,,,
Abomasnow,460,4,Yes,Yes,No,,,,,,,,,,,,,,,,,,,,,,,,,,,,
Weavile,461,4,Yes,No,No,,,,,,,,,,,,,,,,,,,,,,,,,,,,
Magnezone,462,4,No,No,No,,,,,,,,,,,,,,,,,,,,,,,,,,,,
Lickilicky,463,4,No,No,No,,,,,,,,,,,,,,,,,,,,,,,,,,,,
Rhyperior,464,4,Yes,No,No,,,,,,,,,,,,,,,,,,,,,,,,,,,,
Tangrowth,465,4,Yes,No,No,,,,,,,,,,,,,,,,,,,,,,,,,,,,
Electivire,466,4,No,No,No,,,,,,,,,,,,,,,,,,,,,,,,,,,,
Magmortar,467,4,No,No,No,,,,,,,,,,,,,,,,,,,,,,,,,,,,
Togekiss,468,4,No,No,No,,,,,,,,,,,,,,,,,,,,,,,,,,,,
Yanmega,469,4,No,No,No,,,,,,,,,,,,,,,,,,,,,,,,,,,,
Leafeon,470,4,No,No,No,,,,,,,,,,,,,,,,,,,,,,,,,,,,
Glaceon,471,4,No,No,No,,,,,,,,,,,,,,,,,,,,,,,,,,,,
Glisgor,472,4,No,No,No,,,,,,,,,,,,,,,,,,,,,,,,,,,,
Mamoswine,473,4,Yes,No,No,,,,,,,,,,,,,,,,,,,,,,,,,,,,
Porygon-Z,474,4,No,No,No,,,,,,,,,,,,,,,,,,,,,,,,,,,,
Gallade,475,4,No,Yes,No,,,,,,,,,,,,,,,,,,,,,,,,,,,,
Probopass,476,4,No,No,No,,,,,,,,,,,,,,,,,,,,,,,,,,,,
Dusknoir,477,4,No,No,No,,,,,,,,,,,,,,,,,,,,,,,,,,,,
Froslass,478,4,No,No,No,,,,,,,,,,,,,,,,,,,,,,,,,,,,
Rotom,479,4,No,No,No,Heat Rotom,Wash Rotom,Frost Rotom,Fan Rotom,Mow Rotom,,,,,,,,,,,,,,,,,,,,,,,
Uxie,480,4,No,No,No,,,,,,,,,,,,,,,,,,,,,,,,,,,,
Mespirit,481,4,No,No,No,,,,,,,,,,,,,,,,,,,,,,,,,,,,
Azelf,482,4,No,No,No,,,,,,,,,,,,,,,,,,,,,,,,,,,,
Dialga,483,4,No,No,No,,,,,,,,,,,,,,,,,,,,,,,,,,,,
Palkia,484,4,No,No,No,,,,,,,,,,,,,,,,,,,,,,,,,,,,
Heatran,485,4,No,No,No,,,,,,,,,,,,,,,,,,,,,,,,,,,,
Regigigas,486,4,No,No,No,,,,,,,,,,,,,,,,,,,,,,,,,,,,
Giratina,487,4,No,No,No,Basic,Origin Forme,,,,,,,,,,,,,,,,,,,,,,,,,,
Cresselia,488,4,No,No,No,,,,,,,,,,,,,,,,,,,,,,,,,,,,
Phione,489,4,No,No,No,,,,,,,,,,,,,,,,,,,,,,,,,,,,
Manaphy,490,4,No,No,No,,,,,,,,,,,,,,,,,,,,,,,,,,,,
Darkrai,491,4,No,No,No,,,,,,,,,,,,,,,,,,,,,,,,,,,,
Shaymin,492,4,No,No,No,Basic,Sky Forme,,,,,,,,,,,,,,,,,,,,,,,,,,
Arceus,493,4,No,No,No,,,,,,,,,,,,,,,,,,,,,,,,,,,,
Victini,494,5,No,No,No,,,,,,,,,,,,,,,,,,,,,,,,,,,,
Snivy,495,5,No,No,No,,,,,,,,,,,,,,,,,,,,,,,,,,,,
Servine,496,5,No,No,No,,,,,,,,,,,,,,,,,,,,,,,,,,,,
Serperior,497,5,No,No,No,,,,,,,,,,,,,,,,,,,,,,,,,,,,
Tepig,498,5,No,No,No,,,,,,,,,,,,,,,,,,,,,,,,,,,,
Pignite,499,5,No,No,No,,,,,,,,,,,,,,,,,,,,,,,,,,,,
Emboar,500,5,No,No,No,,,,,,,,,,,,,,,,,,,,,,,,,,,,
Oshawott,501,5,No,No,No,,,,,,,,,,,,,,,,,,,,,,,,,,,,
Dewott,502,5,No,No,No,,,,,,,,,,,,,,,,,,,,,,,,,,,,
Samurott,503,5,No,No,No,,,,,,,,,,,,,,,,,,,,,,,,,,,,
Patrat,504,5,No,No,No,,,,,,,,,,,,,,,,,,,,,,,,,,,,
Watchog,505,5,No,No,No,,,,,,,,,,,,,,,,,,,,,,,,,,,,
Lillipup,506,5,No,No,No,,,,,,,,,,,,,,,,,,,,,,,,,,,,
Herdier,507,5,No,No,No,,,,,,,,,,,,,,,,,,,,,,,,,,,,
Stoutland,508,5,No,No,No,,,,,,,,,,,,,,,,,,,,,,,,,,,,
Purrloin,509,5,No,No,No,,,,,,,,,,,,,,,,,,,,,,,,,,,,
Liepard,510,5,No,No,No,,,,,,,,,,,,,,,,,,,,,,,,,,,,
Pansage,511,5,No,No,No,,,,,,,,,,,,,,,,,,,,,,,,,,,,
Simisage,512,5,No,No,No,,,,,,,,,,,,,,,,,,,,,,,,,,,,
Pansear,513,5,No,No,No,,,,,,,,,,,,,,,,,,,,,,,,,,,,
Simisear,514,5,No,No,No,,,,,,,,,,,,,,,,,,,,,,,,,,,,
Panpour,515,5,No,No,No,,,,,,,,,,,,,,,,,,,,,,,,,,,,
Simipour,516,5,No,No,No,,,,,,,,,,,,,,,,,,,,,,,,,,,,
Munna,517,5,No,No,No,,,,,,,,,,,,,,,,,,,,,,,,,,,,
Musharna,518,5,No,No,No,,,,,,,,,,,,,,,,,,,,,,,,,,,,
Pidove,519,5,No,No,No,,,,,,,,,,,,,,,,,,,,,,,,,,,,
Tranquill,520,5,No,No,No,,,,,,,,,,,,,,,,,,,,,,,,,,,,
Unfezant,521,5,Yes,No,No,,,,,,,,,,,,,,,,,,,,,,,,,,,,
Blitzle,522,5,No,No,No,,,,,,,,,,,,,,,,,,,,,,,,,,,,
Zebstrika,523,5,No,No,No,,,,,,,,,,,,,,,,,,,,,,,,,,,,
Roggenrola,524,5,No,No,No,,,,,,,,,,,,,,,,,,,,,,,,,,,,
Boldore,525,5,No,No,No,,,,,,,,,,,,,,,,,,,,,,,,,,,,
Gigalith,526,5,No,No,No,,,,,,,,,,,,,,,,,,,,,,,,,,,,
Woobat,527,5,No,No,No,,,,,,,,,,,,,,,,,,,,,,,,,,,,
Swoobat,528,5,No,No,No,,,,,,,,,,,,,,,,,,,,,,,,,,,,
Drilbur,529,5,No,No,No,,,,,,,,,,,,,,,,,,,,,,,,,,,,
Excadrill,530,5,No,No,No,,,,,,,,,,,,,,,,,,,,,,,,,,,,
Audino,531,5,No,Yes,No,,,,,,,,,,,,,,,,,,,,,,,,,,,,
Timburr,532,5,No,No,No,,,,,,,,,,,,,,,,,,,,,,,,,,,,
Gurdurr,533,5,No,No,No,,,,,,,,,,,,,,,,,,,,,,,,,,,,
Conkeldurr,534,5,No,No,No,,,,,,,,,,,,,,,,,,,,,,,,,,,,
Tympole,535,5,No,No,No,,,,,,,,,,,,,,,,,,,,,,,,,,,,
Palpitoad,536,5,No,No,No,,,,,,,,,,,,,,,,,,,,,,,,,,,,
Seismitoad,537,5,No,No,No,,,,,,,,,,,,,,,,,,,,,,,,,,,,
Throh,538,5,No,No,No,,,,,,,,,,,,,,,,,,,,,,,,,,,,
Sawk,539,5,No,No,No,,,,,,,,,,,,,,,,,,,,,,,,,,,,
Sewaddle,540,5,No,No,No,,,,,,,,,,,,,,,,,,,,,,,,,,,,
Swadloon,541,5,No,No,No,,,,,,,,,,,,,,,,,,,,,,,,,,,,
Leavanny,542,5,No,No,No,,,,,,,,,,,,,,,,,,,,,,,,,,,,
Venipede,543,5,No,No,No,,,,,,,,,,,,,,,,,,,,,,,,,,,,
Whirlipede,544,5,No,No,No,,,,,,,,,,,,,,,,,,,,,,,,,,,,
Scolipede,545,5,No,No,No,,,,,,,,,,,,,,,,,,,,,,,,,,,,
Cottonee,546,5,No,No,No,,,,,,,,,,,,,,,,,,,,,,,,,,,,
Whimsicott,547,5,No,No,No,,,,,,,,,,,,,,,,,,,,,,,,,,,,
Petilil,548,5,No,No,No,,,,,,,,,,,,,,,,,,,,,,,,,,,,
Lilligant,549,5,No,No,No,,,,,,,,,,,,,,,,,,,,,,,,,,,,
Basculin,550,5,No,No,No,Red-Striped Form,Blue-Stripe Form,,,,,,,,,,,,,,,,,,,,,,,,,,
Sandile,551,5,No,No,No,,,,,,,,,,,,,,,,,,,,,,,,,,,,
Krokorok,552,5,No,No,No,,,,,,,,,,,,,,,,,,,,,,,,,,,,
Krookodile,553,5,No,No,No,,,,,,,,,,,,,,,,,,,,,,,,,,,,
Darumaka,554,5,No,No,No,Basic,Galarian,,,,,,,,,,,,,,,,,,,,,,,,,,
Darmanitan,555,5,No,No,No,Basic,Galarian,,,,,,,,,,,,,,,,,,,,,,,,,,
Maractus,556,5,No,No,No,,,,,,,,,,,,,,,,,,,,,,,,,,,,
Dwebble,557,5,No,No,No,,,,,,,,,,,,,,,,,,,,,,,,,,,,
Crustle,558,5,No,No,No,,,,,,,,,,,,,,,,,,,,,,,,,,,,
Scraggy,559,5,No,No,No,,,,,,,,,,,,,,,,,,,,,,,,,,,,
Scrafty,560,5,No,No,No,,,,,,,,,,,,,,,,,,,,,,,,,,,,
Sigilyph,561,5,No,No,No,,,,,,,,,,,,,,,,,,,,,,,,,,,,
Yamask,562,5,No,No,No,Basic,Galarian,,,,,,,,,,,,,,,,,,,,,,,,,,
Cofagrigus,563,5,No,No,No,,,,,,,,,,,,,,,,,,,,,,,,,,,,
Tirtouga,564,5,No,No,No,,,,,,,,,,,,,,,,,,,,,,,,,,,,
Carracosta,565,5,No,No,No,,,,,,,,,,,,,,,,,,,,,,,,,,,,
Archen,566,5,No,No,No,,,,,,,,,,,,,,,,,,,,,,,,,,,,
Archeops,567,5,No,No,No,,,,,,,,,,,,,,,,,,,,,,,,,,,,
Trubbish,568,5,No,No,No,,,,,,,,,,,,,,,,,,,,,,,,,,,,
Garbodor,569,5,No,No,Yes,,,,,,,,,,,,,,,,,,,,,,,,,,,,
Zorua,570,5,No,No,No,,,,,,,,,,,,,,,,,,,,,,,,,,,,
Zoroark,571,5,No,No,No,,,,,,,,,,,,,,,,,,,,,,,,,,,,
Minccino,572,5,No,No,No,,,,,,,,,,,,,,,,,,,,,,,,,,,,
Cinccino,573,5,No,No,No,,,,,,,,,,,,,,,,,,,,,,,,,,,,
Gothita,574,5,No,No,No,,,,,,,,,,,,,,,,,,,,,,,,,,,,
Gothorita,575,5,No,No,No,,,,,,,,,,,,,,,,,,,,,,,,,,,,
Gothitelle,576,5,No,No,No,,,,,,,,,,,,,,,,,,,,,,,,,,,,
Solosis,577,5,No,No,No,,,,,,,,,,,,,,,,,,,,,,,,,,,,
Duosion,578,5,No,No,No,,,,,,,,,,,,,,,,,,,,,,,,,,,,
Reuniclus,579,5,No,No,No,,,,,,,,,,,,,,,,,,,,,,,,,,,,
Ducklett,580,5,No,No,No,,,,,,,,,,,,,,,,,,,,,,,,,,,,
Swanna,581,5,No,No,No,,,,,,,,,,,,,,,,,,,,,,,,,,,,
Vanillite,582,5,No,No,No,,,,,,,,,,,,,,,,,,,,,,,,,,,,
Vanillish,583,5,No,No,No,,,,,,,,,,,,,,,,,,,,,,,,,,,,
Vanilluxe,584,5,No,No,No,,,,,,,,,,,,,,,,,,,,,,,,,,,,
Deerling,585,5,No,No,No,Spring Form,Summer Form,Autumn Form,Winter Form,,,,,,,,,,,,,,,,,,,,,,,,
Sawsbuck,586,5,No,No,No,Spring Form,Summer Form,Autumn Form,Winter Form,,,,,,,,,,,,,,,,,,,,,,,,
Emolga,587,5,No,No,No,,,,,,,,,,,,,,,,,,,,,,,,,,,,
Karrablast,588,5,No,No,No,,,,,,,,,,,,,,,,,,,,,,,,,,,,
Escavalier,589,5,No,No,No,,,,,,,,,,,,,,,,,,,,,,,,,,,,
Foongus,590,5,No,No,No,,,,,,,,,,,,,,,,,,,,,,,,,,,,
Amoonguss,591,5,No,No,No,,,,,,,,,,,,,,,,,,,,,,,,,,,,
Frillish,592,5,Yes,No,No,,,,,,,,,,,,,,,,,,,,,,,,,,,,
Jellicent,593,5,Yes,No,No,,,,,,,,,,,,,,,,,,,,,,,,,,,,
Alomamola,594,5,No,No,No,,,,,,,,,,,,,,,,,,,,,,,,,,,,
Joltik,595,5,No,No,No,,,,,,,,,,,,,,,,,,,,,,,,,,,,
Galvantula,596,5,No,No,No,,,,,,,,,,,,,,,,,,,,,,,,,,,,
Ferroseed,597,5,No,No,No,,,,,,,,,,,,,,,,,,,,,,,,,,,,
Ferrothorn,598,5,No,No,No,,,,,,,,,,,,,,,,,,,,,,,,,,,,
Klink,599,5,No,No,No,,,,,,,,,,,,,,,,,,,,,,,,,,,,
Klang,600,5,No,No,No,,,,,,,,,,,,,,,,,,,,,,,,,,,,
Klinklang,601,5,No,No,No,,,,,,,,,,,,,,,,,,,,,,,,,,,,
Tynamo,602,5,No,No,No,,,,,,,,,,,,,,,,,,,,,,,,,,,,
Eelektrik,603,5,No,No,No,,,,,,,,,,,,,,,,,,,,,,,,,,,,
Eelektross,604,5,No,No,No,,,,,,,,,,,,,,,,,,,,,,,,,,,,
Elgyem,605,5,No,No,No,,,,,,,,,,,,,,,,,,,,,,,,,,,,
Beheeyem,606,5,No,No,No,,,,,,,,,,,,,,,,,,,,,,,,,,,,
Litwick,607,5,No,No,No,,,,,,,,,,,,,,,,,,,,,,,,,,,,
Lampent,608,5,No,No,No,,,,,,,,,,,,,,,,,,,,,,,,,,,,
Chandelure,609,5,No,No,No,,,,,,,,,,,,,,,,,,,,,,,,,,,,
Axew,610,5,No,No,No,,,,,,,,,,,,,,,,,,,,,,,,,,,,
Fraxure,611,5,No,No,No,,,,,,,,,,,,,,,,,,,,,,,,,,,,
Haxorus,612,5,No,No,No,,,,,,,,,,,,,,,,,,,,,,,,,,,,
Cubchoo,613,5,No,No,No,,,,,,,,,,,,,,,,,,,,,,,,,,,,
Beartic,614,5,No,No,No,,,,,,,,,,,,,,,,,,,,,,,,,,,,
Cryogonal,615,5,No,No,No,,,,,,,,,,,,,,,,,,,,,,,,,,,,
Shelmet,616,5,No,No,No,,,,,,,,,,,,,,,,,,,,,,,,,,,,
Accelgor,617,5,No,No,No,,,,,,,,,,,,,,,,,,,,,,,,,,,,
Stunfisk,618,5,No,No,No,Basic,Galarian,,,,,,,,,,,,,,,,,,,,,,,,,,
Mienfoo,619,5,No,No,No,,,,,,,,,,,,,,,,,,,,,,,,,,,,
Mienshao,620,5,No,No,No,,,,,,,,,,,,,,,,,,,,,,,,,,,,
Druddigon,621,5,No,No,No,,,,,,,,,,,,,,,,,,,,,,,,,,,,
Golett,622,5,No,No,No,,,,,,,,,,,,,,,,,,,,,,,,,,,,
Golurk,623,5,No,No,No,,,,,,,,,,,,,,,,,,,,,,,,,,,,
Pawniard,624,5,No,No,No,,,,,,,,,,,,,,,,,,,,,,,,,,,,
Bisharp,625,5,No,No,No,,,,,,,,,,,,,,,,,,,,,,,,,,,,
Bouffalant,626,5,No,No,No,,,,,,,,,,,,,,,,,,,,,,,,,,,,
Rufflet,627,5,No,No,No,,,,,,,,,,,,,,,,,,,,,,,,,,,,
Braviary,628,5,No,No,No,,,,,,,,,,,,,,,,,,,,,,,,,,,,
Vullaby,629,5,No,No,No,,,,,,,,,,,,,,,,,,,,,,,,,,,,
Mandibuzz,630,5,No,No,No,,,,,,,,,,,,,,,,,,,,,,,,,,,,
Heatmor,631,5,No,No,No,,,,,,,,,,,,,,,,,,,,,,,,,,,,
Durant,632,5,No,No,No,,,,,,,,,,,,,,,,,,,,,,,,,,,,
Deino,633,5,No,No,No,,,,,,,,,,,,,,,,,,,,,,,,,,,,
Zweilous,634,5,No,No,No,,,,,,,,,,,,,,,,,,,,,,,,,,,,
Hydreigon,635,5,No,No,No,,,,,,,,,,,,,,,,,,,,,,,,,,,,
Larvesta,636,5,No,No,No,,,,,,,,,,,,,,,,,,,,,,,,,,,,
Volcarona,637,5,No,No,No,,,,,,,,,,,,,,,,,,,,,,,,,,,,
Cobalion,638,5,No,No,No,,,,,,,,,,,,,,,,,,,,,,,,,,,,
Terrakion,639,5,No,No,No,,,,,,,,,,,,,,,,,,,,,,,,,,,,
Virizion,640,5,No,No,No,,,,,,,,,,,,,,,,,,,,,,,,,,,,
Tornadus,641,5,No,No,No,Basic,Therian Forme,,,,,,,,,,,,,,,,,,,,,,,,,,
Thundurus,642,5,No,No,No,Basic,Therian Forme,,,,,,,,,,,,,,,,,,,,,,,,,,
Reshiram,643,5,No,No,No,,,,,,,,,,,,,,,,,,,,,,,,,,,,
Zekrom,644,5,No,No,No,,,,,,,,,,,,,,,,,,,,,,,,,,,,
Landorus,645,5,No,No,No,Basic,Therian Forme,,,,,,,,,,,,,,,,,,,,,,,,,,
Kyurem,646,5,No,No,No,Basic,Black Kyurem,White Kyurem,,,,,,,,,,,,,,,,,,,,,,,,,
Keldeo,647,5,No,No,No,Basic,Resolute Form,,,,,,,,,,,,,,,,,,,,,,,,,,
Meloetta,648,5,No,No,No,Basic,Priouette Forme,,,,,,,,,,,,,,,,,,,,,,,,,,
Genesect,649,5,No,No,No,,,,,,,,,,,,,,,,,,,,,,,,,,,,
Chespin,650,6,No,No,No,,,,,,,,,,,,,,,,,,,,,,,,,,,,
Quilladin,651,6,No,No,No,,,,,,,,,,,,,,,,,,,,,,,,,,,,
Chesnaught,652,6,No,No,No,,,,,,,,,,,,,,,,,,,,,,,,,,,,
Fennekin,653,6,No,No,No,,,,,,,,,,,,,,,,,,,,,,,,,,,,
Braixen,654,6,No,No,No,,,,,,,,,,,,,,,,,,,,,,,,,,,,
Delphox,655,6,No,No,No,,,,,,,,,,,,,,,,,,,,,,,,,,,,
Froakie,656,6,No,No,No,,,,,,,,,,,,,,,,,,,,,,,,,,,,
Frogadier,657,6,No,No,No,,,,,,,,,,,,,,,,,,,,,,,,,,,,
Greninja,658,6,No,No,No,,,,,,,,,,,,,,,,,,,,,,,,,,,,
Bunnelby,659,6,No,No,No,,,,,,,,,,,,,,,,,,,,,,,,,,,,
Diggersby,660,6,No,No,No,,,,,,,,,,,,,,,,,,,,,,,,,,,,
Fletching,661,6,No,No,No,,,,,,,,,,,,,,,,,,,,,,,,,,,,
Fletchinder,662,6,No,No,No,,,,,,,,,,,,,,,,,,,,,,,,,,,,
Talonflame,663,6,No,No,No,,,,,,,,,,,,,,,,,,,,,,,,,,,,
Scatterbug,664,6,No,No,No,,,,,,,,,,,,,,,,,,,,,,,,,,,,
Spewpa,665,6,No,No,No,,,,,,,,,,,,,,,,,,,,,,,,,,,,
Vivillon,666,6,No,No,No,,,,,,,,,,,,,,,,,,,,,,,,,,,,
Litleo,667,6,No,No,No,,,,,,,,,,,,,,,,,,,,,,,,,,,,
Pyroar,668,6,Yes,No,No,,,,,,,,,,,,,,,,,,,,,,,,,,,,
Flabébé,669,6,No,No,No,Red Flower,Blue Flower,Yellow Flower,Orange Flower,White Flower,,,,,,,,,,,,,,,,,,,,,,,
Floette,670,6,No,No,No,Red Flower,Blue Flower,Yellow Flower,Orange Flower,White Flower,,,,,,,,,,,,,,,,,,,,,,,
Florges,671,6,No,No,No,Red Flower,Blue Flower,Yellow Flower,Orange Flower,White Flower,,,,,,,,,,,,,,,,,,,,,,,
Skiddo,672,6,No,No,No,,,,,,,,,,,,,,,,,,,,,,,,,,,,
Gogoat,673,6,No,No,No,,,,,,,,,,,,,,,,,,,,,,,,,,,,
Pancham,674,6,No,No,No,,,,,,,,,,,,,,,,,,,,,,,,,,,,
Pangoro,675,6,No,No,No,,,,,,,,,,,,,,,,,,,,,,,,,,,,
Furfrou,676,6,No,No,No,,,,,,,,,,,,,,,,,,,,,,,,,,,,
Espurr,677,6,No,No,No,,,,,,,,,,,,,,,,,,,,,,,,,,,,
Meowstic,678,6,Yes,No,No,,,,,,,,,,,,,,,,,,,,,,,,,,,,
Honedge,679,6,No,No,No,,,,,,,,,,,,,,,,,,,,,,,,,,,,
Doublade,680,6,No,No,No,,,,,,,,,,,,,,,,,,,,,,,,,,,,
Aegislash,681,6,No,No,No,,,,,,,,,,,,,,,,,,,,,,,,,,,,
Spritzee,682,6,No,No,No,,,,,,,,,,,,,,,,,,,,,,,,,,,,
Aromatisse,683,6,No,No,No,,,,,,,,,,,,,,,,,,,,,,,,,,,,
Swirlix,684,6,No,No,No,,,,,,,,,,,,,,,,,,,,,,,,,,,,
Slurpuff,685,6,No,No,No,,,,,,,,,,,,,,,,,,,,,,,,,,,,
Inkay,686,6,No,No,No,,,,,,,,,,,,,,,,,,,,,,,,,,,,
Malamar,687,6,No,No,No,,,,,,,,,,,,,,,,,,,,,,,,,,,,
Binacle,688,6,No,No,No,,,,,,,,,,,,,,,,,,,,,,,,,,,,
Barbaracle,689,6,No,No,No,,,,,,,,,,,,,,,,,,,,,,,,,,,,
Skrelp,690,6,No,No,No,,,,,,,,,,,,,,,,,,,,,,,,,,,,
Dragalge,691,6,No,No,No,,,,,,,,,,,,,,,,,,,,,,,,,,,,
Clauncher,692,6,No,No,No,,,,,,,,,,,,,,,,,,,,,,,,,,,,
Clawitzer,693,6,No,No,No,,,,,,,,,,,,,,,,,,,,,,,,,,,,
Helioptile,694,6,No,No,No,,,,,,,,,,,,,,,,,,,,,,,,,,,,
Heliolisk,695,6,No,No,No,,,,,,,,,,,,,,,,,,,,,,,,,,,,
Tyrunt,696,6,No,No,No,,,,,,,,,,,,,,,,,,,,,,,,,,,,
Tyrantrum,697,6,No,No,No,,,,,,,,,,,,,,,,,,,,,,,,,,,,
Amaura,698,6,No,No,No,,,,,,,,,,,,,,,,,,,,,,,,,,,,
Aurorus,699,6,No,No,No,,,,,,,,,,,,,,,,,,,,,,,,,,,,
Sylveon,700,6,No,No,No,,,,,,,,,,,,,,,,,,,,,,,,,,,,
Hawluncha,701,6,No,No,No,,,,,,,,,,,,,,,,,,,,,,,,,,,,
Dedenne,702,6,No,No,No,,,,,,,,,,,,,,,,,,,,,,,,,,,,
Carbink,703,6,No,No,No,,,,,,,,,,,,,,,,,,,,,,,,,,,,
Goomy,704,6,No,No,No,,,,,,,,,,,,,,,,,,,,,,,,,,,,
Sliggoo,705,6,No,No,No,,,,,,,,,,,,,,,,,,,,,,,,,,,,
Goodra,706,6,No,No,No,,,,,,,,,,,,,,,,,,,,,,,,,,,,
Klefki,707,6,No,No,No,,,,,,,,,,,,,,,,,,,,,,,,,,,,
Phantump,708,6,No,No,No,,,,,,,,,,,,,,,,,,,,,,,,,,,,
Trevenant,709,6,No,No,No,,,,,,,,,,,,,,,,,,,,,,,,,,,,
Pumpkaboo,710,6,No,No,No,Small Size,Average Size,Large Size,Super Size,,,,,,,,,,,,,,,,,,,,,,,,
Gourgeist,711,6,No,No,No,Small Size,Average Size,Large Size,Super Size,,,,,,,,,,,,,,,,,,,,,,,,
Bergmite,712,6,No,No,No,,,,,,,,,,,,,,,,,,,,,,,,,,,,
Avalugg,713,6,No,No,No,,,,,,,,,,,,,,,,,,,,,,,,,,,,
Noibat,714,6,No,No,No,,,,,,,,,,,,,,,,,,,,,,,,,,,,
Noivern,715,6,No,No,No,,,,,,,,,,,,,,,,,,,,,,,,,,,,
Xerneas,716,6,No,No,No,,,,,,,,,,,,,,,,,,,,,,,,,,,,
Yveltal,717,6,No,No,No,,,,,,,,,,,,,,,,,,,,,,,,,,,,
Zygarde,718,6,No,No,No,10% Forme,Basic,Complete Forme,,,,,,,,,,,,,,,,,,,,,,,,,
Diancie,719,6,No,No,No,,,,,,,,,,,,,,,,,,,,,,,,,,,,
Hoopa,720,6,No,No,No,Basic,Unbound,,,,,,,,,,,,,,,,,,,,,,,,,,
Volcanion,721,6,No,No,No,,,,,,,,,,,,,,,,,,,,,,,,,,,,
Rowlet,722,7,No,No,No,,,,,,,,,,,,,,,,,,,,,,,,,,,,
Datrix,723,7,No,No,No,,,,,,,,,,,,,,,,,,,,,,,,,,,,
Decidueye,724,7,No,No,No,,,,,,,,,,,,,,,,,,,,,,,,,,,,
Litten,725,7,No,No,No,,,,,,,,,,,,,,,,,,,,,,,,,,,,
Torracat,726,7,No,No,No,,,,,,,,,,,,,,,,,,,,,,,,,,,,
Incineroar,727,7,No,No,No,,,,,,,,,,,,,,,,,,,,,,,,,,,,
Popplio,728,7,No,No,No,,,,,,,,,,,,,,,,,,,,,,,,,,,,
Brionne,729,7,No,No,No,,,,,,,,,,,,,,,,,,,,,,,,,,,,
Primarina,730,7,No,No,No,,,,,,,,,,,,,,,,,,,,,,,,,,,,
Pikipek,731,7,No,No,No,,,,,,,,,,,,,,,,,,,,,,,,,,,,
Tumbeak,732,7,No,No,No,,,,,,,,,,,,,,,,,,,,,,,,,,,,
Toucannon,733,7,No,No,No,,,,,,,,,,,,,,,,,,,,,,,,,,,,
Yungoos,734,7,No,No,No,,,,,,,,,,,,,,,,,,,,,,,,,,,,
Gumshoos,735,7,No,No,No,,,,,,,,,,,,,,,,,,,,,,,,,,,,
Grubbin,736,7,No,No,No,,,,,,,,,,,,,,,,,,,,,,,,,,,,
Charjabug,737,7,No,No,No,,,,,,,,,,,,,,,,,,,,,,,,,,,,
Vikavolt,738,7,No,No,No,,,,,,,,,,,,,,,,,,,,,,,,,,,,
Crabrawler,739,7,No,No,No,,,,,,,,,,,,,,,,,,,,,,,,,,,,
Crabominable,740,7,No,No,No,,,,,,,,,,,,,,,,,,,,,,,,,,,,
Oricorio,741,7,No,No,No,Baile Style,Pom-Pom Style,Pa'u Style,Sensu Style,,,,,,,,,,,,,,,,,,,,,,,,
Cutiefly,742,7,No,No,No,,,,,,,,,,,,,,,,,,,,,,,,,,,,
Ribombee,743,7,No,No,No,,,,,,,,,,,,,,,,,,,,,,,,,,,,
Rockruff,744,7,No,No,No,,,,,,,,,,,,,,,,,,,,,,,,,,,,
Lycanroc,745,7,No,No,No,Midday Form,Midnight Form,Dusk Form,,,,,,,,,,,,,,,,,,,,,,,,,
Wishiwashi,746,7,No,No,No,,,,,,,,,,,,,,,,,,,,,,,,,,,,
Mareanie,747,7,No,No,No,,,,,,,,,,,,,,,,,,,,,,,,,,,,
Toxapex,748,7,No,No,No,,,,,,,,,,,,,,,,,,,,,,,,,,,,
Mudbray,749,7,No,No,No,,,,,,,,,,,,,,,,,,,,,,,,,,,,
Mudsdale,750,7,No,No,No,,,,,,,,,,,,,,,,,,,,,,,,,,,,
Dewpider,751,7,No,No,No,,,,,,,,,,,,,,,,,,,,,,,,,,,,
Araquanid,752,7,No,No,No,,,,,,,,,,,,,,,,,,,,,,,,,,,,
Fomantis,753,7,No,No,No,,,,,,,,,,,,,,,,,,,,,,,,,,,,
Lurantis,754,7,No,No,No,,,,,,,,,,,,,,,,,,,,,,,,,,,,
Morelull,755,7,No,No,No,,,,,,,,,,,,,,,,,,,,,,,,,,,,
Shiinotic,756,7,No,No,No,,,,,,,,,,,,,,,,,,,,,,,,,,,,
Salandit,757,7,No,No,No,,,,,,,,,,,,,,,,,,,,,,,,,,,,
Salazzle,758,7,No,No,No,,,,,,,,,,,,,,,,,,,,,,,,,,,,
Stufful,759,7,No,No,No,,,,,,,,,,,,,,,,,,,,,,,,,,,,
Bewear,760,7,No,No,No,,,,,,,,,,,,,,,,,,,,,,,,,,,,
Bounsweet,761,7,No,No,No,,,,,,,,,,,,,,,,,,,,,,,,,,,,
Steenee,762,7,No,No,No,,,,,,,,,,,,,,,,,,,,,,,,,,,,
Tsareena,763,7,No,No,No,,,,,,,,,,,,,,,,,,,,,,,,,,,,
Comfey,764,7,No,No,No,,,,,,,,,,,,,,,,,,,,,,,,,,,,
Oranguru,765,7,No,No,No,,,,,,,,,,,,,,,,,,,,,,,,,,,,
Passimian,766,7,No,No,No,,,,,,,,,,,,,,,,,,,,,,,,,,,,
Wimpod,767,7,No,No,No,,,,,,,,,,,,,,,,,,,,,,,,,,,,
Golisopod,768,7,No,No,No,,,,,,,,,,,,,,,,,,,,,,,,,,,,
Sandygast,769,7,No,No,No,,,,,,,,,,,,,,,,,,,,,,,,,,,,
Palossand,770,7,No,No,No,,,,,,,,,,,,,,,,,,,,,,,,,,,,
Pyukumuku,771,7,No,No,No,,,,,,,,,,,,,,,,,,,,,,,,,,,,
Type Null,772,7,No,No,No,,,,,,,,,,,,,,,,,,,,,,,,,,,,
Silvally,773,7,No,No,No,,,,,,,,,,,,,,,,,,,,,,,,,,,,
Minior,774,7,No,No,No,Red Core,Orange Core,Yellow Core,Green Core,Blue Core,Blue Core,Indigo Core,Violet Core,,,,,,,,,,,,,,,,,,,,
Komala,775,7,No,No,No,,,,,,,,,,,,,,,,,,,,,,,,,,,,
Turtonator,776,7,No,No,No,,,,,,,,,,,,,,,,,,,,,,,,,,,,
Togedemaru,777,7,No,No,No,,,,,,,,,,,,,,,,,,,,,,,,,,,,
Mimikyu,778,7,No,No,No,,,,,,,,,,,,,,,,,,,,,,,,,,,,
Bruxish,779,7,No,No,No,,,,,,,,,,,,,,,,,,,,,,,,,,,,
Drampa,780,7,No,No,No,,,,,,,,,,,,,,,,,,,,,,,,,,,,
Dhelmise,781,7,No,No,No,,,,,,,,,,,,,,,,,,,,,,,,,,,,
Jangmo-o,782,7,No,No,No,,,,,,,,,,,,,,,,,,,,,,,,,,,,
Hakamo-o,783,7,No,No,No,,,,,,,,,,,,,,,,,,,,,,,,,,,,
Kommo-o,784,7,No,No,No,,,,,,,,,,,,,,,,,,,,,,,,,,,,
Tapu Koko,785,7,No,No,No,,,,,,,,,,,,,,,,,,,,,,,,,,,,
Tapu Lele,786,7,No,No,No,,,,,,,,,,,,,,,,,,,,,,,,,,,,
Tapu Bulu,787,7,No,No,No,,,,,,,,,,,,,,,,,,,,,,,,,,,,
Tapu Fini,788,7,No,No,No,,,,,,,,,,,,,,,,,,,,,,,,,,,,
Cosmog,789,7,No,No,No,,,,,,,,,,,,,,,,,,,,,,,,,,,,
Cosmoem,790,7,No,No,No,,,,,,,,,,,,,,,,,,,,,,,,,,,,
Solgaleo,791,7,No,No,No,,,,,,,,,,,,,,,,,,,,,,,,,,,,
Lunala,792,7,No,No,No,,,,,,,,,,,,,,,,,,,,,,,,,,,,
Nihilego,793,7,No,No,No,,,,,,,,,,,,,,,,,,,,,,,,,,,,
Buzzwole,794,7,No,No,No,,,,,,,,,,,,,,,,,,,,,,,,,,,,
Pheromosa,795,7,No,No,No,,,,,,,,,,,,,,,,,,,,,,,,,,,,
Xurkitree,796,7,No,No,No,,,,,,,,,,,,,,,,,,,,,,,,,,,,
Celesteela,797,7,No,No,No,,,,,,,,,,,,,,,,,,,,,,,,,,,,
Kartana,798,7,No,No,No,,,,,,,,,,,,,,,,,,,,,,,,,,,,
Guzzlord,799,7,No,No,No,,,,,,,,,,,,,,,,,,,,,,,,,,,,
Necrozma,800,7,No,No,No,Basic,Dusk Mane,Dawn Wings,Ultra,,,,,,,,,,,,,,,,,,,,,,,,
Magearna,801,7,No,No,No,Basic,Original Colour Form,,,,,,,,,,,,,,,,,,,,,,,,,,
Marshadow,802,7,No,No,No,,,,,,,,,,,,,,,,,,,,,,,,,,,,
Poipole,803,7,No,No,No,,,,,,,,,,,,,,,,,,,,,,,,,,,,
Naganadel,804,7,No,No,No,,,,,,,,,,,,,,,,,,,,,,,,,,,,
Stakataka,805,7,No,No,No,,,,,,,,,,,,,,,,,,,,,,,,,,,,
Blacephalon,806,7,No,No,No,,,,,,,,,,,,,,,,,,,,,,,,,,,,
Zeraora,807,7,No,No,No,,,,,,,,,,,,,,,,,,,,,,,,,,,,
Meltan,808,7,No,No,No,,,,,,,,,,,,,,,,,,,,,,,,,,,,
Melmetal,809,7,No,No,No,,,,,,,,,,,,,,,,,,,,,,,,,,,,
Grookey,810,8,No,No,No,,,,,,,,,,,,,,,,,,,,,,,,,,,,
Thwackey,811,8,No,No,No,,,,,,,,,,,,,,,,,,,,,,,,,,,,
Rillaboom,812,8,No,No,Yes,,,,,,,,,,,,,,,,,,,,,,,,,,,,
Scorbunny,813,8,No,No,No,,,,,,,,,,,,,,,,,,,,,,,,,,,,
Raboot,814,8,No,No,No,,,,,,,,,,,,,,,,,,,,,,,,,,,,
Cinderace,815,8,No,No,Yes,,,,,,,,,,,,,,,,,,,,,,,,,,,,
Sobble,816,8,No,No,No,,,,,,,,,,,,,,,,,,,,,,,,,,,,
Drizzile,817,8,No,No,No,,,,,,,,,,,,,,,,,,,,,,,,,,,,
Inteleon,818,8,No,No,Yes,,,,,,,,,,,,,,,,,,,,,,,,,,,,
Skwovet,819,8,No,No,No,,,,,,,,,,,,,,,,,,,,,,,,,,,,
Greedent,820,8,No,No,No,,,,,,,,,,,,,,,,,,,,,,,,,,,,
Rookidee,821,8,No,No,No,,,,,,,,,,,,,,,,,,,,,,,,,,,,
Corvisquire,822,8,No,No,No,,,,,,,,,,,,,,,,,,,,,,,,,,,,
Corviknight,823,8,No,No,No,,,,,,,,,,,,,,,,,,,,,,,,,,,,
Blipbug,824,8,No,No,No,,,,,,,,,,,,,,,,,,,,,,,,,,,,
Dottler,825,8,No,No,No,,,,,,,,,,,,,,,,,,,,,,,,,,,,
Orbeetle,826,8,No,No,Yes,,,,,,,,,,,,,,,,,,,,,,,,,,,,
Nickit,827,8,No,No,No,,,,,,,,,,,,,,,,,,,,,,,,,,,,
Thievul,828,8,No,No,No,,,,,,,,,,,,,,,,,,,,,,,,,,,,
Gossifleur,829,8,No,No,No,,,,,,,,,,,,,,,,,,,,,,,,,,,,
Eldegoss,830,8,No,No,No,,,,,,,,,,,,,,,,,,,,,,,,,,,,
Wooloo,831,8,No,No,No,,,,,,,,,,,,,,,,,,,,,,,,,,,,
Dubwool,832,8,No,No,No,,,,,,,,,,,,,,,,,,,,,,,,,,,,
Chewtle,833,8,No,No,No,,,,,,,,,,,,,,,,,,,,,,,,,,,,
Drednaw,834,8,No,No,Yes,,,,,,,,,,,,,,,,,,,,,,,,,,,,
Yamper,835,8,No,No,No,,,,,,,,,,,,,,,,,,,,,,,,,,,,
Boltund,836,8,No,No,No,,,,,,,,,,,,,,,,,,,,,,,,,,,,
Rolycoly,837,8,No,No,No,,,,,,,,,,,,,,,,,,,,,,,,,,,,
Carkol,838,8,No,No,No,,,,,,,,,,,,,,,,,,,,,,,,,,,,
Coalossal,839,8,No,No,Yes,,,,,,,,,,,,,,,,,,,,,,,,,,,,
Applin,840,8,No,No,No,,,,,,,,,,,,,,,,,,,,,,,,,,,,
Flapple,841,8,No,No,Yes,,,,,,,,,,,,,,,,,,,,,,,,,,,,
Appletun,842,8,No,No,Yes,,,,,,,,,,,,,,,,,,,,,,,,,,,,
Silicobra,843,8,No,No,No,,,,,,,,,,,,,,,,,,,,,,,,,,,,
Sandaconda,844,8,No,No,No,,,,,,,,,,,,,,,,,,,,,,,,,,,,
Cramorant,845,8,No,No,No,,,,,,,,,,,,,,,,,,,,,,,,,,,,
Arrokunda,846,8,No,No,No,,,,,,,,,,,,,,,,,,,,,,,,,,,,
Barraskewda,847,8,No,No,No,,,,,,,,,,,,,,,,,,,,,,,,,,,,
Toxel,848,8,No,No,No,,,,,,,,,,,,,,,,,,,,,,,,,,,,
Toxitricity,849,8,No,No,Yes,Amped Form,Low Key Form,,,,,,,,,,,,,,,,,,,,,,,,,,
Sizzlipede,850,8,No,No,No,,,,,,,,,,,,,,,,,,,,,,,,,,,,
Centiskorch,851,8,No,No,Yes,,,,,,,,,,,,,,,,,,,,,,,,,,,,
Clobbopus,852,8,No,No,No,,,,,,,,,,,,,,,,,,,,,,,,,,,,
Grapploct,853,8,No,No,No,,,,,,,,,,,,,,,,,,,,,,,,,,,,
Sinistea,854,8,No,No,No,Antique Form,Phony Form,,,,,,,,,,,,,,,,,,,,,,,,,,
Polteageist,855,8,No,No,No,Antique Form,Phony Form,,,,,,,,,,,,,,,,,,,,,,,,,,
Hatenna,856,8,No,No,No,,,,,,,,,,,,,,,,,,,,,,,,,,,,
Hattrem,857,8,No,No,No,,,,,,,,,,,,,,,,,,,,,,,,,,,,
Hatterene,858,8,No,No,Yes,,,,,,,,,,,,,,,,,,,,,,,,,,,,
Impidimp,859,8,No,No,No,,,,,,,,,,,,,,,,,,,,,,,,,,,,
Morgrem,860,8,No,No,No,,,,,,,,,,,,,,,,,,,,,,,,,,,,
Grimmsnarl,861,8,No,No,Yes,,,,,,,,,,,,,,,,,,,,,,,,,,,,
Obstagoon,862,8,No,No,No,,,,,,,,,,,,,,,,,,,,,,,,,,,,
Perrserker,863,8,No,No,No,,,,,,,,,,,,,,,,,,,,,,,,,,,,
Cursola,864,8,No,No,No,,,,,,,,,,,,,,,,,,,,,,,,,,,,
Sirfetch'd,865,8,No,No,No,,,,,,,,,,,,,,,,,,,,,,,,,,,,
Mr. Rime,866,8,No,No,No,,,,,,,,,,,,,,,,,,,,,,,,,,,,
Runerigus,867,8,No,No,No,,,,,,,,,,,,,,,,,,,,,,,,,,,,
Milcery,868,8,No,No,No,,,,,,,,,,,,,,,,,,,,,,,,,,,,
Alcremie,869,8,No,No,Yes,Vanilla Cream,Ruby Cream,Matcha Cream,Mint Cream,Lemon Cream,Salted Cream,Ruby Swirl,Caramel Swirl,Rainbow Swirl,,,,,,,,,,,,,,,,,,,
Falinks,870,8,No,No,No,,,,,,,,,,,,,,,,,,,,,,,,,,,,
Pincurchin,871,8,No,No,No,,,,,,,,,,,,,,,,,,,,,,,,,,,,
Snom,872,8,No,No,No,,,,,,,,,,,,,,,,,,,,,,,,,,,,
Frosmoth,873,8,No,No,No,,,,,,,,,,,,,,,,,,,,,,,,,,,,
Stonjourner,874,8,No,No,No,,,,,,,,,,,,,,,,,,,,,,,,,,,,
Eiscue,875,8,No,No,No,,,,,,,,,,,,,,,,,,,,,,,,,,,,
Indeedee,876,8,Yes,No,No,,,,,,,,,,,,,,,,,,,,,,,,,,,,
Morpeko,877,8,No,No,No,,,,,,,,,,,,,,,,,,,,,,,,,,,,
Cufant,878,8,No,No,No,,,,,,,,,,,,,,,,,,,,,,,,,,,,
Copperajah,879,8,No,No,Yes,,,,,,,,,,,,,,,,,,,,,,,,,,,,
Dracozolt,880,8,No,No,No,,,,,,,,,,,,,,,,,,,,,,,,,,,,
Arctozolt,881,8,No,No,No,,,,,,,,,,,,,,,,,,,,,,,,,,,,
Dracovish,882,8,No,No,No,,,,,,,,,,,,,,,,,,,,,,,,,,,,
Arctovish,883,8,No,No,No,,,,,,,,,,,,,,,,,,,,,,,,,,,,
Drualudon,884,8,No,No,Yes,,,,,,,,,,,,,,,,,,,,,,,,,,,,
Dreepy,885,8,No,No,No,,,,,,,,,,,,,,,,,,,,,,,,,,,,
Drakloak,886,8,No,No,No,,,,,,,,,,,,,,,,,,,,,,,,,,,,
Dragapult,887,8,No,No,No,,,,,,,,,,,,,,,,,,,,,,,,,,,,
Zacian,888,8,No,No,No,Basic,Crowned Sword,,,,,,,,,,,,,,,,,,,,,,,,,,
Zamazenta,889,8,No,No,No,Basic,Crowned Shield,,,,,,,,,,,,,,,,,,,,,,,,,,
Eternatus,890,8,No,No,No,,,,,,,,,,,,,,,,,,,,,,,,,,,,
Kubfu,891,8,No,No,No,,,,,,,,,,,,,,,,,,,,,,,,,,,,
Urshifu,892,8,No,No,Yes,Single-Strike Form,Rapid-Strike Form,,,,,,,,,,,,,,,,,,,,,,,,,,
Zarude,893,8,No,No,No,Basic,Dada Form,,,,,,,,,,,,,,,,,,,,,,,,,,
Regieleki,894,8,No,No,No,,,,,,,,,,,,,,,,,,,,,,,,,,,,
Regidrago,895,8,No,No,No,,,,,,,,,,,,,,,,,,,,,,,,,,,,
Glastrier,896,8,No,No,No,,,,,,,,,,,,,,,,,,,,,,,,,,,,
Spectrier,897,8,No,No,No,,,,,,,,,,,,,,,,,,,,,,,,,,,,
Calyrex,898,8,No,No,No,Basic,Ice Rider,Shadow Rider,,,,,,,,,,,,,,,,,,,,,,,,,
